1,2364,https://docs.google.com/document/d/1VQ3XTkoxIe9sj0n9Shqeeo4cwayHdj0f/edit?usp=sharing&ouid=107545205496616872436&rtpof=true&sd=true
2,2365,https://docs.google.com/document/d/1VQ3XTkoxIe9sj0n9Shqeeo4cwayHdj0f/edit?usp=sharing&ouid=107545205496616872436&rtpof=true&sd=true
3,2366,
4,2367,https://docs.google.com/document/d/1FlpcSQTNjj6RoG3OOFaL38XWIWSzIDVo/edit?usp=sharing&ouid=107545205496616872436&rtpof=true&sd=true
5,2368,https://docs.google.com/document/d/1wPcBOmrRW3t9T_jkvp-WwnGhiSjPDPyk/edit?usp=sharing&ouid=107545205496616872436&rtpof=true&sd=true
6,2369,https://drive.google.com/file/d/1lWgEfccysbqKL9Me89-uTI4zCAW5qRvh/view?usp=sharing
7,2370,https://docs.google.com/document/d/1OBCXy9ceF7c_AYBK_Ns_HHljoiRHfeYi/edit?usp=sharing&ouid=107545205496616872436&rtpof=true&sd=true
8,2371,https://docs.google.com/document/d/16pd4ogTKIdt_03F9QnlPZ1tghF8C1A02/edit?usp=sharing&ouid=107545205496616872436&rtpof=true&sd=true
9,2372,https://drive.google.com/file/d/1ocUF0keXMjvyoGQEatZv92s1c3tWSAQL/view?usp=sharing
10,2373,https://drive.google.com/file/d/14EcTzjZerDS51UaXWRpgiT1amhf_Ale3/view?usp=sharing
11,2374,https://drive.google.com/file/d/1DBtJub3kFVVpNT_Ooajscz2-MmUUlYw2/view?usp=sharing
12,2375,https://docs.google.com/document/d/1c2-B59q1AifagwE8CjEGibaLGXOGyFba/edit?usp=sharing&ouid=107545205496616872436&rtpof=true&sd=true
13,2376,https://docs.google.com/document/d/16g-cVWNPy8Aj9rk1VyGMv98fVCljlkgl/edit?usp=sharing&ouid=107545205496616872436&rtpof=true&sd=true
14,2377,https://drive.google.com/file/d/15wQrxIJanvfkTr95nGqLWqdLFYtrNo1a/view?usp=sharing
15,2378,https://drive.google.com/file/d/1Obpi0tezr1iNHCy-NbxSFWqlEGF2zOZd/view?usp=sharing
16,2379,https://docs.google.com/document/d/1HeBWezen3VaGOEMatoNcMCG_EjwrtNuZ/edit?usp=sharing&ouid=107545205496616872436&rtpof=true&sd=true
17,2380,https://drive.google.com/file/d/1PY103UYAs2RU1Y_Rh9ud1EA4J3CpOo7c/view?usp=sharing
18,2381,https://drive.google.com/file/d/1vMhOhU_kRGb7swajSpHlHUJAY_ZepGrN/view?usp=sharing
19,2382,https://docs.google.com/document/d/1DpDZ0zE3QGiFUO1hvN4mYRRNSwf9NAhC/edit?usp=sharing&ouid=107545205496616872436&rtpof=true&sd=true
20,2383,https://drive.google.com/file/d/1fCVTmBYrcfEfE67yBt7IHLaKEB2cbPas/view?usp=sharing
21,2384,
22,2385,https://docs.google.com/document/d/1gzgvxz08emRDvhgjY1hnzzgv1aW_YCfq/edit?usp=sharing&ouid=107545205496616872436&rtpof=true&sd=true
23,2386,https://docs.google.com/document/d/106C2bk5RUniaQ7TBHUQr2fpx-XNpWOGp/edit?usp=sharing&ouid=107545205496616872436&rtpof=true&sd=true
24,2387,https://docs.google.com/document/d/1POq6Q3ZewJJ2n8JkFwO2GGyzKvAILhjw/edit?usp=sharing&ouid=107545205496616872436&rtpof=true&sd=true
25,2388,https://docs.google.com/document/d/1n_pt741K2jHz6jwrHoY9CWT-PcXGGpSv/edit?usp=sharing&ouid=107545205496616872436&rtpof=true&sd=true
26,2389,
27,2390,
28,2391,
29,2392,
30,2393,https://docs.google.com/document/d/1zgtf__ip6eePDdl6XituAQ_BOeB-MyIQ/edit?usp=sharing&ouid=107545205496616872436&rtpof=true&sd=true
31,2394,
32,2395,
33,2396,https://docs.google.com/document/d/1aVq3KGv56et695xtC7pTxr5gcYm2gJjT/edit?usp=sharing&ouid=107545205496616872436&rtpof=true&sd=true
34,2397,https://drive.google.com/file/d/1QbjgtUzUVTKeJTSQJ9I5eaOHa7tXtsep/view?usp=sharing
35,2398,https://drive.google.com/file/d/1IxT2xoEmTkc5dTWU7Bysyinaqxk88YqY/view?usp=sharing
36,2399,https://docs.google.com/document/d/1_emWFkjepSmriTa_gu8fs_e6koU-J-5I/edit?usp=sharing&ouid=107545205496616872436&rtpof=true&sd=true
37,2400,https://docs.google.com/document/d/1tgdS7ykI42xRtJDxmLQF9bgYCJqeMx93GzuZB7dhOPs/edit?usp=sharing
38,2401,
39,2402,https://docs.google.com/document/d/19XtHvoKdGAfQjw72J62SvYi9g6CeYdQq/edit?usp=sharing&ouid=107545205496616872436&rtpof=true&sd=true
40,2403,
41,2404,https://docs.google.com/document/d/1skuhSfjMv0lyU1UjtS99JwTnJ0YpNbl4/edit?usp=sharing&ouid=107545205496616872436&rtpof=true&sd=true
42,2405,
43,2406,https://docs.google.com/document/d/14gBfjgmMEF8XMp_1TdyprVarns2rgPGs/edit?usp=sharing&ouid=107545205496616872436&rtpof=true&sd=true
44,2407,https://docs.google.com/document/d/11-wV_uOB0o4MIJk7x7Qkpx1M1QdLCFbY/edit?usp=sharing&ouid=107545205496616872436&rtpof=true&sd=true
45,2408,https://docs.google.com/document/d/1oXHXohBqlcHie8T8URt3g9ir3auHESDz/edit?usp=sharing&ouid=107545205496616872436&rtpof=true&sd=true
46,2409,https://docs.google.com/document/d/1cAxbbntvN_4s9I7HRkI56YEsSWaEe7pZ/edit?usp=sharing&ouid=107545205496616872436&rtpof=true&sd=true
47,2410,https://docs.google.com/document/d/1DXeXhq3t_CucLv91AmIWYKIJ-X5xfh3M/edit?usp=sharing&ouid=107545205496616872436&rtpof=true&sd=true
48,2411,https://docs.google.com/document/d/1U96f-xAvsPDNbR9-_8hN1FyDi-PkKMHM/edit?usp=sharing&ouid=107545205496616872436&rtpof=true&sd=true
49,2412,https://docs.google.com/document/d/1Cp7m_ShvnJ2WnYbTc3wavVj0Riq4sdGw/edit?usp=sharing&ouid=107545205496616872436&rtpof=true&sd=true
50,2413,https://docs.google.com/document/d/1ssJyQVeFlUuD_A8OY7KYX0a-uvCrXUk2/edit?usp=sharing&ouid=107545205496616872436&rtpof=true&sd=true
51,2414,https://docs.google.com/document/d/1mE_KXfqzKy0b9Apa7YIym-ZlXqseXJxS/edit?usp=sharing&ouid=107545205496616872436&rtpof=true&sd=true
52,2415,https://docs.google.com/document/d/13pqO_lagrqpgkwH_pfvBt4pWqdrtdgJJ/edit?usp=sharing&ouid=107545205496616872436&rtpof=true&sd=true
53,2416,https://docs.google.com/document/d/1AacdxZKek_cvy2HvIuYH3hnHWZTqQmTZ/edit?usp=sharing&ouid=107545205496616872436&rtpof=true&sd=true
54,2417,https://docs.google.com/document/d/1QJOr4vUfo9h2oPwsjjn3S6U1xrd3mfcb/edit?usp=sharing&ouid=107545205496616872436&rtpof=true&sd=true
55,2418,https://docs.google.com/document/d/1GRWprYvUkJQn84R4h0EIZmYVBV3Rt47P/edit?usp=sharing&ouid=107545205496616872436&rtpof=true&sd=true
56,2419,https://docs.google.com/document/d/1-tcig4u7r0FAXeQXuuuVCt6eMjuNUYFi/edit?usp=sharing&ouid=107545205496616872436&rtpof=true&sd=true
57,2420,https://docs.google.com/document/d/1IGUrN2SkIQWxILN0Bb5l3fQiso_nwEGF/edit?usp=sharing&ouid=107545205496616872436&rtpof=true&sd=true
58,2421,https://docs.google.com/document/d/1xSgRcFCYXtYw4m1NMa_aiorNWnN-C8yO/edit?usp=sharing&ouid=107545205496616872436&rtpof=true&sd=true
59,2422,https://docs.google.com/document/d/1sjhFy9pimQcKaxM-MPD5CepXFVlsyA-W/edit?usp=sharing&ouid=107545205496616872436&rtpof=true&sd=true
60,2423,https://docs.google.com/document/d/1e9g9_WV5zFv7U_L0WdM5UiCKyMRAt4Jx/edit?usp=sharing&ouid=107545205496616872436&rtpof=true&sd=true
61,2424,https://docs.google.com/document/d/14tWRkiph_6ScXpDyX5O_Yu6vtLsD2q_D/edit?usp=sharing&ouid=107545205496616872436&rtpof=true&sd=true
62,2425,https://docs.google.com/document/d/1Chh6OHJbOfgzgv8t_ot9S2fU84V9yYAm/edit?usp=sharing&ouid=107545205496616872436&rtpof=true&sd=true
63,2426,https://docs.google.com/document/d/1gsNboEQ9hekFzVG6PgLZPZVhJgQkTiar/edit?usp=sharing&ouid=107545205496616872436&rtpof=true&sd=true
64,2427,https://docs.google.com/document/d/1QXMLQMWI7x0C2FF1ioKW1Sl7RmWWSVyC/edit?usp=sharing&ouid=107545205496616872436&rtpof=true&sd=true
65,2428,
66,2429,
67,2430,https://docs.google.com/document/d/1zpDk76j5nDcraoVY2dqW2ilAHuFUXas0/edit?usp=sharing&ouid=107545205496616872436&rtpof=true&sd=true
68,2431,https://docs.google.com/document/d/13im7lrOImVEWQ5nQVzc7zaoxUjr708S8/edit?usp=sharing&ouid=107545205496616872436&rtpof=true&sd=true
69,2432,https://docs.google.com/document/d/1b30oVES1UWDl08LRYIig3Y6itNiWHL9z/edit?usp=sharing&ouid=107545205496616872436&rtpof=true&sd=true
70,2433,https://docs.google.com/document/d/1TF-uqRynuOrY46EYjpRhaUyZ-Qgfp2Pw/edit?usp=sharing&ouid=107545205496616872436&rtpof=true&sd=true
71,2434,https://docs.google.com/document/d/1WoFtKZBpsdGEttuG71ThF7xvXYkPwbJg/edit?usp=sharing&ouid=107545205496616872436&rtpof=true&sd=true
72,2435,https://docs.google.com/document/d/1BV41gXYC2N9f5O-K-S6UuRcbxqUFSnME/edit?usp=sharing&ouid=107545205496616872436&rtpof=true&sd=true
73,2436,https://docs.google.com/document/d/1V1MzxiDadHlZ7EVLsTJ2zNEf4ULpzy2w/edit?usp=sharing&ouid=107545205496616872436&rtpof=true&sd=true
74,2437,https://docs.google.com/document/d/1TEMddRrUlfuAL62kO5S5HCmpnt5t6nKo/edit?usp=sharing&ouid=107545205496616872436&rtpof=true&sd=true
75,2438,https://docs.google.com/document/d/1pglfc44V0Agw_arUkeewygmAM8DXvZG1/edit?usp=sharing&ouid=107545205496616872436&rtpof=true&sd=true
76,2439,https://docs.google.com/document/d/1xEwkxt7gAvlliKSKac-68jO_asZG2fjg/edit?usp=sharing&ouid=107545205496616872436&rtpof=true&sd=true
77,2440,https://docs.google.com/document/d/1lkWOkEoidZwFOXtKmoJXxGUevRauV4e7/edit?usp=sharing&ouid=107545205496616872436&rtpof=true&sd=true
78,2441,https://docs.google.com/document/d/1w6xX8S6nAUALoLxxWR_j5U2it2ODd1HG/edit?usp=sharing&ouid=107545205496616872436&rtpof=true&sd=true
79,2442,https://docs.google.com/document/d/1cvz8cdfnm2K-ds_FYwXp4aTIZDHmuDkB/edit?usp=sharing&ouid=107545205496616872436&rtpof=true&sd=true
80,2443,https://docs.google.com/document/d/15iWFDdvw1j26Gm_Tl6KJ7G-Cw-NN_HIc/edit?usp=sharing&ouid=107545205496616872436&rtpof=true&sd=true
81,2444,https://docs.google.com/document/d/170diZq0vn-q3C6QvoEph0UPkZ9gbqbW7/edit?usp=sharing&ouid=107545205496616872436&rtpof=true&sd=true
82,2445,https://docs.google.com/document/d/1o36j8bvsqPF1Hf1XKgW7NzNCbVPtkYMG/edit?usp=sharing&ouid=107545205496616872436&rtpof=true&sd=true
83,2446,
84,2447,https://drive.google.com/file/d/1M3gNF5bdeqkojdfqzbX6lqlVYigQDqNt/view?usp=sharing
85,2448,https://docs.google.com/document/d/12LsAje6_4QL5M4FTPpGKCBsvXw3vt_-S/edit?usp=sharing&ouid=107545205496616872436&rtpof=true&sd=true
86,2449,https://docs.google.com/document/d/1L-Vwtxyc8FqSYxfo-IeN6SvolWTMtFUH/edit?usp=sharing&ouid=107545205496616872436&rtpof=true&sd=true
87,2450,https://drive.google.com/file/d/1TfwxzAS3sjNEcb2nhqsqPv5ox-KfezWS/view?usp=sharing
88,2451,
89,2452,
90,2453,https://docs.google.com/document/d/1I_-Q_yeNi6I_4T9kjOsq0LqWmUSrr6zr/edit?usp=sharing&ouid=107545205496616872436&rtpof=true&sd=true
91,2454,https://docs.google.com/document/d/1Ew97VjgdzAkbdaAIQjOZsPorzL6UqKpS/edit?usp=sharing&ouid=107545205496616872436&rtpof=true&sd=true
92,2455,https://docs.google.com/document/d/1xuEAxXICL4q9XFL7XtCFV_NS6t6nh6mr/edit?usp=sharing&ouid=107545205496616872436&rtpof=true&sd=true
93,2456,
94,2457,https://drive.google.com/file/d/1IMnSbQdDwaNGzXWtabFN8l36Xrs556y_/view?usp=sharing
95,2458,https://docs.google.com/document/d/1cV0nweGiJXa4xLOREQYVf9aMjoUgiMYP/edit?usp=sharing&ouid=107545205496616872436&rtpof=true&sd=true
96,2459,https://docs.google.com/document/d/1Mf3roDBwmQzzrqu1tI128DL3URF-A4QT/edit?usp=sharing&ouid=107545205496616872436&rtpof=true&sd=true
97,2460,https://docs.google.com/document/d/1aLmqJpaZ4U7Ymj1sQhtUTyIFSeI6oahW/edit?usp=sharing&ouid=107545205496616872436&rtpof=true&sd=true
98,2461,https://docs.google.com/document/d/1efcv5JXAb8jbwo1h42AZmiySGrM8KHDV/edit?usp=sharing&ouid=107545205496616872436&rtpof=true&sd=true
99,2462,
100,2463,https://docs.google.com/document/d/1OM4_6tdFVPthih_ZfNQXQE49ZXO4grX-/edit?usp=sharing&ouid=107545205496616872436&rtpof=true&sd=true
101,2464,https://docs.google.com/document/d/1EDaIjk3Jj84VJ7N9a07pP5v6gaV-aEbY/edit?usp=sharing&ouid=107545205496616872436&rtpof=true&sd=true
102,2465,https://docs.google.com/document/d/1lSvHuwVHbCblulLpKEnKVjbPPH4kBbae/edit?usp=sharing&ouid=107545205496616872436&rtpof=true&sd=true
103,2466,https://docs.google.com/document/d/1IFSdblDsZ9WnFX6gh_Xyx9auEpVIexsn/edit?usp=sharing&ouid=107545205496616872436&rtpof=true&sd=true
104,2467,
105,2468,https://drive.google.com/file/d/1aZZkO2OhqkV6TT3ELmH6r6-Iejw5ecXr/view?usp=sharing
106,2469,https://docs.google.com/document/d/1YUjJQ3e1Ktj7unoNDBUCDgvulxN9jMmV/edit?usp=sharing&ouid=107545205496616872436&rtpof=true&sd=true
107,2470,
108,2471,https://docs.google.com/document/d/1cEhSB4lBmFapZoqRCkFEN73ZJVM_HfTY/edit?usp=sharing&ouid=107545205496616872436&rtpof=true&sd=true
109,2472,https://docs.google.com/document/d/16N5NGZ2KxgSq-c85iPd_5kSf-pHPMAfK/edit?usp=sharing&ouid=107545205496616872436&rtpof=true&sd=true
110,2473,
111,2474,
112,2475,https://docs.google.com/document/d/1BnszDdZTpxOlf2uI7I0qI40lU7v40kd1/edit?usp=sharing&ouid=107545205496616872436&rtpof=true&sd=true
113,2476,
114,2477,
115,2478,https://docs.google.com/document/d/1eFIQ6Cg2UrMYbFTONs6hu6eiYbtCf-Zu/edit?usp=sharing&ouid=107545205496616872436&rtpof=true&sd=true
116,2479,https://docs.google.com/document/d/1eFIQ6Cg2UrMYbFTONs6hu6eiYbtCf-Zu/edit?usp=sharing&ouid=107545205496616872436&rtpof=true&sd=true
117,2480,https://docs.google.com/document/d/1DJI_6-_S04fcofB3PiB1vYJUgtkxCqZp/edit?usp=sharing&ouid=107545205496616872436&rtpof=true&sd=true
118,2481,https://docs.google.com/document/d/1DJI_6-_S04fcofB3PiB1vYJUgtkxCqZp/edit?usp=sharing&ouid=107545205496616872436&rtpof=true&sd=true
119,2482,https://docs.google.com/document/d/1yvKrTzvv0n2duj7Jo6HO4m-4cJv-FytS/edit?usp=sharing&ouid=107545205496616872436&rtpof=true&sd=true
120,2483,https://docs.google.com/document/d/1D7xQYTmLNt8rq6Pzxrj6B_Xwu6lJMqUe/edit?usp=sharing&ouid=107545205496616872436&rtpof=true&sd=true
121,2484,https://docs.google.com/document/d/1hC5Ps1Us0ORcaeF4xvpqeJ7Ktrdla3oD/edit?usp=sharing&ouid=107545205496616872436&rtpof=true&sd=true
122,2485,https://docs.google.com/document/d/1zqZFAGftHP-9cqh4z8PN5GcKR9k0q_Bx/edit?usp=sharing&ouid=107545205496616872436&rtpof=true&sd=true
123,2486,https://docs.google.com/document/d/1CrdvUIacZ59lyoEbKukfvjejcBOaeo1S/edit?usp=sharing&ouid=107545205496616872436&rtpof=true&sd=true
124,2487,https://docs.google.com/document/d/14DI4ZEQUwvCMgkdvKswm76OpGyrNTgUx/edit?usp=sharing&ouid=107545205496616872436&rtpof=true&sd=true
125,2488,https://drive.google.com/file/d/1hxYlgo8SPc4ricVyu8vEQH_N4qUZmIXj/view?usp=sharing
126,2489,https://drive.google.com/file/d/14DRXSH6fJ0TBzQKmlJVGL_SXOCXk5E3s/view?usp=sharing
127,2490,https://drive.google.com/file/d/1b7U2qTKPfaTguPO4XSxMfGSjzzZB0XXW/view?usp=sharing
128,2491,https://drive.google.com/file/d/172zFy2JA4bG8JLmASboIdCx-FTY4Q2a5/view?usp=sharing
129,2492,
130,2493,https://docs.google.com/document/d/1b0J0Sdw0eVpIIrRQ7x70JQ8ZKdFbvDv2/edit?usp=sharing&ouid=107545205496616872436&rtpof=true&sd=true
131,2494,https://docs.google.com/document/d/1vHurGJwiCzOQeEkSuXSprUoqeB7-9dVy/edit?usp=sharing&ouid=107545205496616872436&rtpof=true&sd=true
132,2495,https://docs.google.com/document/d/10VdKOKsgFb_hWFKpUdOA_BqsatIdCpmV/edit?usp=sharing&ouid=107545205496616872436&rtpof=true&sd=true
133,2496,https://docs.google.com/document/d/10BSEaK76-6xIZbHbIOJ4gF2PrYDL3Arx/edit?usp=sharing&ouid=107545205496616872436&rtpof=true&sd=true
134,2497,https://docs.google.com/document/d/13cCnMoD4RXCvI97uZ4kBPom9RnWHz2Dn/edit?usp=sharing&ouid=107545205496616872436&rtpof=true&sd=true
135,2498,https://docs.google.com/document/d/1rI3CMui4H-Jcqm92DELlMC78Qy2SJnVE/edit?usp=sharing&ouid=107545205496616872436&rtpof=true&sd=true
136,2499,https://docs.google.com/document/d/1IN-evpilBhoUrZ7G9ir4oHBkbgRPjffo/edit?usp=sharing&ouid=107545205496616872436&rtpof=true&sd=true
137,2500,https://docs.google.com/document/d/1vTB3aygN_P7VzfmHEH-fJNCYVdPo4oR9/edit?usp=sharing&ouid=107545205496616872436&rtpof=true&sd=true
138,2501,
139,2502,
140,2503,
141,2504,https://docs.google.com/document/d/1lgI6gGJiUgX4NBKPO-n4yKmQRi2ITWbh/edit?usp=sharing&ouid=107545205496616872436&rtpof=true&sd=true
142,2505,
143,2506,https://docs.google.com/document/d/12Z6oxaFvxh81UZ35WoJ8e7xWDTjnTnBu/edit?usp=sharing&ouid=107545205496616872436&rtpof=true&sd=true
144,2507,https://docs.google.com/document/d/1-WnllHXSKeqm6ELtGMDWCdY3CRBsfjwr/edit?usp=sharing&ouid=107545205496616872436&rtpof=true&sd=true
145,2508,
146,2509,
147,2510,
148,2511,
149,2512,
150,2513,https://docs.google.com/document/d/1b5vmkvW0y9hSySi8eg9uj2dXGsbYpqBU/edit?usp=sharing&ouid=107545205496616872436&rtpof=true&sd=true
151,2514,https://docs.google.com/document/d/1oGJaaJ0y0wHF87qiJeQpjX4PcLNWA58f/edit?usp=sharing&ouid=107545205496616872436&rtpof=true&sd=true
152,2515,https://docs.google.com/document/d/1JsaroYfpwfq-4r5PwZfg7wGkdAPet68V/edit?usp=sharing&ouid=107545205496616872436&rtpof=true&sd=true
153,2516,https://docs.google.com/document/d/1vpeuv1I7-hgJkzduaU41RZa1TA0S1bpK/edit?usp=sharing&ouid=107545205496616872436&rtpof=true&sd=true
154,2517,https://docs.google.com/document/d/1rbxUX5Sdo5YCC9K3h2fKhvMyLiVmzSxW/edit?usp=sharing&ouid=107545205496616872436&rtpof=true&sd=true
155,2518,https://docs.google.com/document/d/16GJ435N8ax32d6s1xVUiXDGq5hAX0-dq/edit?usp=sharing&ouid=107545205496616872436&rtpof=true&sd=true
156,2519,https://docs.google.com/document/d/1ubqhrOOlkaPeguBZ1OHJ36-Jwmfe4x9y/edit?usp=sharing&ouid=107545205496616872436&rtpof=true&sd=true
157,2520,https://docs.google.com/document/d/1_qVkcdOSPQZIDGQbWWmFb3ZrygB_FTXv/edit?usp=sharing&ouid=107545205496616872436&rtpof=true&sd=true
158,2521,
159,2522,https://docs.google.com/document/d/1bttZ8fjUCZ_3WAaXD_Q0gzj_sTGytZ8x/edit?usp=sharing&ouid=107545205496616872436&rtpof=true&sd=true
160,2523,https://docs.google.com/document/d/1bttZ8fjUCZ_3WAaXD_Q0gzj_sTGytZ8x/edit?usp=sharing&ouid=107545205496616872436&rtpof=true&sd=true
161,2524,
162,2525,
163,2526,
164,2527,
165,2528,
166,2529,
167,2530,
168,2531,https://docs.google.com/document/d/1BdD78PX7kQvB5HxYZZslq4vjG3uOhOoi/edit?usp=sharing&ouid=107545205496616872436&rtpof=true&sd=true
169,2532,https://docs.google.com/document/d/1hz7-iif0u0svydSAmhF5v2GJv6T7Uf_2/edit?usp=sharing&ouid=107545205496616872436&rtpof=true&sd=true
170,2533,
171,2534,https://docs.google.com/document/d/155sdTaTWuxpwRNeavM9OHCm6bLlzQjPP/edit?usp=sharing&ouid=107545205496616872436&rtpof=true&sd=true
172,2535,https://docs.google.com/document/d/1GXnH6AJlPwR-S9P6WVHiCHIwc5GM2VSH/edit?usp=sharing&ouid=107545205496616872436&rtpof=true&sd=true
173,2536,https://docs.google.com/document/d/19Jgt63ZjT-_A1xRgjJTbNO8gdWZAixSx/edit?usp=sharing&ouid=107545205496616872436&rtpof=true&sd=true
174,2537,https://docs.google.com/document/d/1LqHq0M3KiNop8ZLZE8sVd61jFln9gKAB/edit?usp=sharing&ouid=107545205496616872436&rtpof=true&sd=true
175,2538,https://docs.google.com/document/d/1ob4YebVpnz74s6wE3dVGQF8bUmscqz78/edit?usp=sharing&ouid=107545205496616872436&rtpof=true&sd=true
176,2539,https://docs.google.com/document/d/1qr-jAG-cg5fFFWzeS31KRQgH-YMkvHpK/edit?usp=sharing&ouid=107545205496616872436&rtpof=true&sd=true
177,2540,https://docs.google.com/document/d/1GLh25W2h6CKG600pMptqjxjVz70XnfdU/edit?usp=sharing&ouid=107545205496616872436&rtpof=true&sd=true
178,2541,https://docs.google.com/document/d/1qdluZHt9Tnz3WYH8axzhlYljS1mOnlfQ/edit?usp=sharing&ouid=107545205496616872436&rtpof=true&sd=true
179,2542,https://docs.google.com/document/d/1ZjJFxPND21rY41TdXGj3tL8Cu2tLYyzR/edit?usp=sharing&ouid=107545205496616872436&rtpof=true&sd=true
180,2543,https://docs.google.com/document/d/1m3O5nlTMj2AXbv67TCiwXMY_GYT_2A7g/edit?usp=sharing&ouid=107545205496616872436&rtpof=true&sd=true
181,2544,https://docs.google.com/document/d/1U6ZvTLSF2Hss9TPAX-E5zJq6r4hsiuST/edit?usp=sharing&ouid=107545205496616872436&rtpof=true&sd=true
182,2545,https://docs.google.com/document/d/1j4wTYith_TeVXr7vDbD3WPIU-xOWXEKT/edit?usp=sharing&ouid=107545205496616872436&rtpof=true&sd=true
183,2546,
184,2547,https://docs.google.com/document/d/1sy6BEryZwg90EY_hUAr7uuKpqeT9pDuc/edit?usp=sharing&ouid=107545205496616872436&rtpof=true&sd=true
185,2548,
186,2549,https://docs.google.com/document/d/1t6nq4XqRKtajlEb7Z82raAgq3uF3j4Ve/edit?usp=sharing&ouid=107545205496616872436&rtpof=true&sd=true
187,2550,https://docs.google.com/document/d/1tQQS5CB4JZQvZtDVHLjjKPp-SoMzp3IJ/edit?usp=sharing&ouid=107545205496616872436&rtpof=true&sd=true
188,2551,https://docs.google.com/document/d/1tQQS5CB4JZQvZtDVHLjjKPp-SoMzp3IJ/edit?usp=sharing&ouid=107545205496616872436&rtpof=true&sd=true
189,2552,https://docs.google.com/document/d/1IGHVAUr17iyFIetR06eQGavtwUpMRMxH/edit?usp=sharing&ouid=107545205496616872436&rtpof=true&sd=true
190,2553,https://docs.google.com/document/d/1VK0VYzBRraj81Zk3TlvE-OW8WFyMm3eu/edit?usp=sharing&ouid=107545205496616872436&rtpof=true&sd=true
191,2554,
192,2555,https://docs.google.com/document/d/1923O6GiXYDrvEVUF_ndrpCgerEqR0crP/edit?usp=sharing&ouid=107545205496616872436&rtpof=true&sd=true
193,2556,https://docs.google.com/document/d/1fva2t-ie4ZWf8nMWeQwjYg0LxBIn0cyu/edit?usp=sharing&ouid=107545205496616872436&rtpof=true&sd=true
194,2557,https://docs.google.com/document/d/1zm_u0FP39IMUJUeiLg30u-9dKGNoJnzh/edit?usp=sharing&ouid=107545205496616872436&rtpof=true&sd=true
195,2558,https://docs.google.com/document/d/1rgpPIsfRu3ADkx141MS6fq5HeMTMwjBt/edit?usp=sharing&ouid=107545205496616872436&rtpof=true&sd=true
196,2559,https://docs.google.com/document/d/1nt4k1J0Ntah7KG2ADkovq6PSPpSKI0bV/edit?usp=sharing&ouid=107545205496616872436&rtpof=true&sd=true
197,2560,
198,2561,https://docs.google.com/document/d/12o-Zys4mRAEBeF4qcCCUkg8R2yhl2tgF/edit?usp=sharing&ouid=107545205496616872436&rtpof=true&sd=true
199,2562,https://docs.google.com/document/d/1e-wKkooyxc0KxU3RLHxYVs_By0eN391R/edit?usp=sharing&ouid=107545205496616872436&rtpof=true&sd=true
200,2563,
201,2564,
202,2565,https://docs.google.com/document/d/18CALnkoMaswzXpqWXbTNIvoa4HRDZMZt/edit?usp=sharing&ouid=107545205496616872436&rtpof=true&sd=true
203,2566,https://docs.google.com/document/d/1Xbx8mSLTUo2JunMhV2TrFJP1q0hf0B0X/edit?usp=sharing&ouid=107545205496616872436&rtpof=true&sd=true
204,2567,https://docs.google.com/document/d/14gBfjgmMEF8XMp_1TdyprVarns2rgPGs/edit?usp=sharing&ouid=107545205496616872436&rtpof=true&sd=true
205,2568,https://docs.google.com/document/d/1iw5CWGFsjLpxe_bl9nFBBdI7bOLfTA57/edit?usp=sharing&ouid=107545205496616872436&rtpof=true&sd=true
206,2569,https://docs.google.com/document/d/1qtLJUitUtMWjXf60rzhJ4NOoZbokB6bB/edit?usp=sharing&ouid=107545205496616872436&rtpof=true&sd=true
207,2570,
208,2571,
209,2572,
210,2573,https://docs.google.com/document/d/1AaUSQMtyqH4-k7PRStI54zLUORWeoVOp/edit?usp=sharing&ouid=107545205496616872436&rtpof=true&sd=true
211,2574,https://docs.google.com/document/d/1zIhfv7h3xVPQaJas61BX4Qk-JJoguhOD/edit?usp=sharing&ouid=107545205496616872436&rtpof=true&sd=true
212,2575,https://docs.google.com/document/d/1pmDt5WAeLI1P0pUvuYCeO8_6y4IMxOrS/edit?usp=sharing&ouid=107545205496616872436&rtpof=true&sd=true
213,2576,https://docs.google.com/document/d/1VoFWIf5ns15u5ixLYlR26c2SUHx0Y3es/edit?usp=sharing&ouid=107545205496616872436&rtpof=true&sd=true
214,2577,
215,2578,
216,2579,
217,2580,
218,2581,
219,2582,
220,2583,
221,2584,
222,2585,
223,2586,
224,2587,
225,2588,
226,2589,
227,2590,
228,2591,
229,2592,
230,2593,
231,2594,
232,2595,
233,2596,
234,2597,https://docs.google.com/document/d/1Gt-6p-uVW_9QjaQNLSQKW_OfecQ3ZZSZ/edit?usp=sharing&ouid=107545205496616872436&rtpof=true&sd=true
235,2598,https://docs.google.com/document/d/1jAmGOL-4kgUIXoUnMac-h2eSJCHrd1g8/edit?usp=sharing&ouid=107545205496616872436&rtpof=true&sd=true
